Region,Region,District,Latitude,Longitude,N_avg,P_avg,K_avg,pH_avg
Maharashtra,Maharashtra,Ahilya Nagar,19.0948287,74.7479789,51.805,40.369499999999995,221.10999999999999,6.845009999999999
Maharashtra,Maharashtra,Akola,20.7002159,77.0081678,50.19,39.87,282.95,6.8525599999999995
Maharashtra,Maharashtra,Amravati,20.9319821,77.7523039,50.535000000000004,22.1565,268.01,6.6494
Maharashtra,Maharashtra,Chhatrapati Sambhaji Nagar,19.875754,75.3393195,50.989999999999995,38.091,271.32000000000005,6.9142399999999995
Maharashtra,Maharashtra,Beed,18.990088,75.7531324,70.48,30.42,248.46,6.91437
Maharashtra,Maharashtra,Bhandara,21.177658,79.6570127,52.735,21.2145,266.84,6.71817
Maharashtra,Maharashtra,Buldhana,20.5292147,76.1841701,51.045,24.1065,295.11,6.806939999999999
Maharashtra,Maharashtra,Chandrapur,19.9615398,79.2961468,54.614999999999995,28.872000000000003,219.54999999999998,6.801710000000001
Maharashtra,Maharashtra,Dhule,20.9042201,74.7748979,50.795,31.0125,297.4,6.801140000000001
Maharashtra,Maharashtra,Gadchiroli,20.184871,79.9947956,50.39,25.573499999999996,195.15,6.765199999999999
Maharashtra,Maharashtra,Gondia,21.4549477,80.1960712,53.824999999999996,31.266,208.5,6.799309999999999
Maharashtra,Maharashtra,Hingoli,19.7114963,77.1453846,77.06499999999998,27.453,271.89000000000004,6.7998699999999985
Maharashtra,Maharashtra,Jalgaon,21.0076578,75.5626039,53.12,32.2155,292.42999999999995,6.81472
Maharashtra,Maharashtra,Jalna,19.8346659,75.8816345,52.589999999999996,27.701999999999998,295.0,6.82302
Maharashtra,Maharashtra,Kolhapur,16.7049873,74.2432527,75.78999999999999,44.40749999999999,244.39000000000004,6.355759999999999
Maharashtra,Maharashtra,Latur,18.4087934,76.5603828,50.225,25.097999999999992,299.56,6.8013900000000005
Maharashtra,Maharashtra,Mumbai City,19.0759837,72.8776559,64.46707913669064,34.05070143884892,216.24683453237407,6.630826057553958
Maharashtra,Maharashtra,Mumbai Suburban,19.0759559,72.8776378,64.46707913669064,34.05070143884892,216.24683453237407,6.630826057553958
Maharashtra,Maharashtra,Nagpur,21.1458004,79.0881546,51.95,27.555,290.16,6.83548
Maharashtra,Maharashtra,Nanded,19.1485289,77.3191471,50.78,27.3075,296.52,6.80018
Maharashtra,Maharashtra,Nandurbar,21.3700906,74.240336,61.949999999999996,30.147,205.32999999999998,6.801200000000001
Maharashtra,Maharashtra,Nashik,19.9974533,73.7898023,64.235,30.654000000000003,245.16,6.850499999999999
Maharashtra,Maharashtra,Dharashiv,18.185332,76.0419642,51.37,20.1075,278.02000000000004,6.80546
Maharashtra,Maharashtra,Palghar,19.6967136,72.769885,52.85,41.9955,123.67,6.70782
Maharashtra,Maharashtra,Parbhani,19.2608384,76.774776,52.745000000000005,24.384,299.55,6.80183
Maharashtra,Maharashtra,Pune,18.5204303,73.8567437,55.31999999999999,32.316,266.37,6.80785
Maharashtra,Maharashtra,Raigad,18.2376278,73.4445392,99.115,31.668000000000003,258.66,6.77685
Maharashtra,Maharashtra,Ratnagiri,16.990215,73.3120233,77.625,33.8415,270.59000000000003,6.74964
Maharashtra,Maharashtra,Sangli,16.8523973,74.5814773,50.97,33.643499999999996,252.29,7.06435
Maharashtra,Maharashtra,Satara,17.6804639,74.018261,66.605,36.285,265.68,6.83047
Maharashtra,Maharashtra,Sindhudurg,16.1668396,73.5594128,61.67,31.381500000000003,282.68,6.008500000000001
Maharashtra,Maharashtra,Solapur,17.6599188,75.9063906,50.504999999999995,22.524,269.63,6.81372
Maharashtra,Maharashtra,Thane,19.2183307,72.9780897,53.765,36.075,234.22999999999996,6.79922
Maharashtra,Maharashtra,Wardha,20.745319,78.6021946,64.385,28.2795,290.97999999999996,6.802269999999999
Maharashtra,Maharashtra,Washim,20.111238,77.1303079,58.065,24.021,274.94,6.812640000000001
Maharashtra,Maharashtra,Yavatmal,20.3899385,78.1306846,51.045,38.8545,244.86999999999998,6.80636
Andhra Pradesh,Andhra Pradesh,Alluri Sitarama Raju,15.9128998,79.7399875,86.95,31.4745,170.56,6.771859999999999
Andhra Pradesh,Andhra Pradesh,Anakapalli,17.6896435,83.0023634,80.985,41.9085,231.22000000000003,6.810959999999999
Andhra Pradesh,Andhra Pradesh,Anantapur,14.6824455,77.6017089,52.934999999999995,41.037000000000006,263.21,6.8076
Andhra Pradesh,Andhra Pradesh,Annamayya,15.9128998,79.7399875,52.260000000000005,33.7455,234.64,6.854659999999999
Andhra Pradesh,Andhra Pradesh,Bapatla,15.9039445,80.4671375,58.91,25.891499999999997,280.86,6.819789999999999
Andhra Pradesh,Andhra Pradesh,Chittoor,13.217176,79.1003289,66.83500000000001,34.7385,212.31,6.84738
Andhra Pradesh,Andhra Pradesh,Dr. B.R. Ambedkar Konaseema,15.9128998,79.7399875,64.46707913669064,34.05070143884892,216.24683453237407,6.630826057553958
Andhra Pradesh,Andhra Pradesh,East Godavari,17.32125,82.0407137,60.685,19.2255,162.47,6.800669999999998
Andhra Pradesh,Andhra Pradesh,Eluru,16.7106604,81.0952431,50.36,39.080999999999996,211.09,6.79057
Andhra Pradesh,Andhra Pradesh,Guntur,16.3066525,80.4365402,55.695,43.413000000000004,278.0799999999999,6.87807
Andhra Pradesh,Andhra Pradesh,Kakinada,16.9890648,82.2474648,80.59,37.039500000000004,256.84000000000003,6.7505299999999995
Andhra Pradesh,Andhra Pradesh,Krishna,16.6099914,80.7214417,86.21,34.485,292.78,6.82007
Andhra Pradesh,Andhra Pradesh,Kurnool,15.8281257,78.0372792,90.78500000000001,30.499499999999998,276.05,6.899069999999999
Andhra Pradesh,Andhra Pradesh,Nandyal,15.4776876,78.487285,79.41499999999999,35.2515,285.36,7.03763
Andhra Pradesh,Andhra Pradesh,Ntr,15.9128998,79.7399875,53.0,29.8425,247.29999999999998,7.503809999999999
Andhra Pradesh,Andhra Pradesh,Palnadu,15.9128998,79.7399875,72.535,29.3265,268.39,6.874059999999999
Andhra Pradesh,Andhra Pradesh,Parvathipuram Manyam,18.7829598,83.4300877,67.34,36.7605,192.34,6.799380000000001
Andhra Pradesh,Andhra Pradesh,Prakasam,15.348463,79.560344,51.165,39.5265,279.86,7.0338
Andhra Pradesh,Andhra Pradesh,Srikakulam,18.2949165,83.8938018,57.055,31.833000000000002,277.77,6.786700000000001
Andhra Pradesh,Andhra Pradesh,Sri Potti Sriramulu Nellore,14.2580848,79.9192702,50.735,38.868,189.28,6.84876
Andhra Pradesh,Andhra Pradesh,Sri Sathya Sai,15.9128998,79.7399875,53.375,41.1135,255.82000000000002,6.801409999999999
Andhra Pradesh,Andhra Pradesh,Tirupati,13.6287557,79.4191795,65.93,35.007,210.27,6.79134
Andhra Pradesh,Andhra Pradesh,Visakhapatnam,17.6868159,83.2184815,72.035,35.3055,168.01999999999998,6.8293
Andhra Pradesh,Andhra Pradesh,Vizianagaram,18.1066576,83.3955506,53.269999999999996,39.0825,277.88,6.79948
Andhra Pradesh,Andhra Pradesh,West Godavari,16.9174181,81.3399414,55.185,33.92850000000001,262.03,6.77802
Andhra Pradesh,Andhra Pradesh,Ysr (Kadapa),14.5767233,78.8382644,52.040000000000006,35.325,288.28000000000003,6.98695
Arunachal Pradesh,Arunachal Pradesh,Tawang,27.5860574,91.8594062,100.0,30.009,199.98000000000002,5.61765
Arunachal Pradesh,Arunachal Pradesh,West Kameng,27.3427633,92.302446,84.1,32.1615,165.07,5.6968499999999995
Arunachal Pradesh,Arunachal Pradesh,East Kameng,27.6141916,92.8577105,113.58500000000001,28.3515,257.16,6.05354
Arunachal Pradesh,Arunachal Pradesh,Pakke-Kessang,27.0471985,93.0175712,110.28999999999999,27.322499999999998,254.10999999999999,5.91314
Arunachal Pradesh,Arunachal Pradesh,Papum Pare,27.2240654,93.5003454,99.785,30.0135,199.07,6.5721099999999995
Arunachal Pradesh,Arunachal Pradesh,Kurung Kumey,28.073758,93.2583626,99.66499999999999,29.902499999999996,199.2,6.54377
Arunachal Pradesh,Arunachal Pradesh,Kra Daadi,28.0157633,93.7029002,99.905,30.0045,197.58,6.6271
Arunachal Pradesh,Arunachal Pradesh,Lower Subansiri,27.5910076,93.8248241,106.99,44.856,183.64000000000001,6.51088
Arunachal Pradesh,Arunachal Pradesh,Upper Subansiri,28.3348801,93.9878427,99.75999999999999,29.9865,199.23,6.557549999999999
Arunachal Pradesh,Arunachal Pradesh,West Siang,28.1782689,94.5211935,99.845,30.003,198.47,6.61081
Arunachal Pradesh,Arunachal Pradesh,East Siang,28.0550482,95.3520876,139.25,33.312,195.13000000000002,5.78376
Arunachal Pradesh,Arunachal Pradesh,Siang,28.5006832,94.645035,137.59,37.760999999999996,200.83,5.740239999999999
Arunachal Pradesh,Arunachal Pradesh,Upper Siang,28.8612898,94.976654,83.36999999999999,26.265000000000004,176.92000000000002,6.46785
Arunachal Pradesh,Arunachal Pradesh,Lower Siang,27.8015684,94.6037231,134.82999999999998,35.2155,191.72,5.69208
Arunachal Pradesh,Arunachal Pradesh,Lower Dibang Valley,28.0829633,95.8142885,93.49000000000001,30.2895,138.92000000000002,6.22293
Arunachal Pradesh,Arunachal Pradesh,Dibang Valley,28.7312796,95.8987139,100.31,41.48100000000001,225.92999999999998,6.09384
Arunachal Pradesh,Arunachal Pradesh,Anjaw,28.0359962,96.8350999,96.825,37.197,151.60000000000002,6.4571499999999995
Arunachal Pradesh,Arunachal Pradesh,Lohit,28.0682343,96.1526985,88.49499999999999,36.084,160.29000000000002,6.2813099999999995
Arunachal Pradesh,Arunachal Pradesh,Namsai,27.6666459,95.8625935,73.46000000000001,34.851,177.10999999999999,6.37787
Arunachal Pradesh,Arunachal Pradesh,Changlang,27.1355348,95.7364417,95.97000000000001,32.355,179.67,5.87465
Arunachal Pradesh,Arunachal Pradesh,Tirap,27.0185604,95.5197394,108.455,30.010500000000004,259.04999999999995,5.594250000000001
Arunachal Pradesh,Arunachal Pradesh,Longding,26.837169,95.3520876,107.2,30.0,257.01,5.566949999999999
Arunachal Pradesh,Arunachal Pradesh,Kamle,27.7996255,94.0747664,104.55499999999999,44.85000000000001,146.82999999999998,6.00756
Arunachal Pradesh,Arunachal Pradesh,Lepa Rada,27.8895239,94.7691586,99.97500000000001,30.0075,199.38,6.56132
Arunachal Pradesh,Arunachal Pradesh,Shi Yomi,28.6978712,94.315422,76.005,26.0325,170.90000000000003,6.06511
Arunachal Pradesh,Arunachal Pradesh,Pakke-Kessang,27.0471985,93.0175712,110.28999999999999,27.322499999999998,254.10999999999999,5.91314
Assam,Assam,Baksa,26.6829148,91.1761004,118.18,42.423,157.0,6.45914
Assam,Assam,Barpeta,26.3304209,91.0040547,128.48,41.172,176.33,6.126709999999999
Assam,Assam,Biswanath,26.7266632,93.1478514,123.69,34.725,167.46,5.81044
Assam,Assam,Bongaigaon,26.5030072,90.5535724,122.03500000000001,34.527,161.75,6.556380000000001
Assam,Assam,Cachar,24.7821253,92.8577105,129.58,36.1155,190.34,6.09085
Assam,Assam,Charaideo,27.0372817,95.018246,121.60499999999999,38.13,150.94,5.8744000000000005
Assam,Assam,Chirang,26.5388578,90.6850972,133.39999999999998,40.854,171.10000000000002,6.4656400000000005
Assam,Assam,Darrang,26.4511588,92.1057549,113.72000000000001,40.86150000000001,149.25,6.49476
Assam,Assam,Dhemaji,27.4720412,94.5587757,121.42999999999999,38.28,157.34,5.83241
Assam,Assam,Dhubri,26.0206982,89.9743463,107.86999999999999,34.632,167.65,6.52674
Assam,Assam,Dibrugarh,27.4705449,94.9124625,120.08999999999999,33.7335,171.54,6.26479
Assam,Assam,Dima Hasao,25.3478004,93.0175712,129.69,39.7065,207.87,6.11681
Assam,Assam,Goalpara,26.1639014,90.6253459,122.59,35.675999999999995,173.9,5.97437
Assam,Assam,Golaghat,26.5238515,93.962337,126.845,35.959500000000006,129.24,6.48553
Assam,Assam,Hailakandi,24.680855,92.5648095,125.00999999999999,38.961,195.23999999999998,6.08162
Assam,Assam,Hojai,26.0016601,92.847737,119.17,33.5505,177.45,6.314319999999999
Assam,Assam,Jorhat,26.7509207,94.2036696,122.39999999999999,34.3095,159.94,6.567559999999999
Assam,Assam,Kamrup,25.9410942,91.2891036,122.5,39.7665,158.52,6.500350000000001
Assam,Assam,Kamrup Metropolitan,26.1700805,91.949021,109.49000000000001,38.3985,156.76,6.672079999999999
Assam,Assam,Karbi Anglong,26.186085,93.5812692,111.51499999999999,32.3115,177.8,6.486179999999999
Assam,Assam,Karimganj,24.8649128,92.3591531,131.16000000000003,32.8155,195.46,6.347860000000001
Assam,Assam,Kokrajhar,26.4021196,90.2705679,115.06,41.583,138.73000000000002,6.4633
Assam,Assam,Lakhimpur,27.2063587,94.1513764,121.435,42.455999999999996,144.85000000000002,6.21269
Assam,Assam,Morigaon,26.2514394,92.342311,133.81,40.686,163.67000000000002,6.44614
Assam,Assam,Nagaon,26.348009,92.6838111,112.625,36.267,171.35,6.59642
Assam,Assam,Nalbari,26.4446185,91.4410527,127.515,37.761,177.04,6.478249999999999
Assam,Assam,Sivasagar,26.989087,94.639424,119.545,32.838,171.09000000000003,6.0769400000000005
Assam,Assam,Sonitpur,26.6769864,92.6983868,130.54500000000002,39.730500000000006,188.9,5.7466099999999996
Assam,Assam,South Salmara-Mankachar,25.8048092,89.8879304,109.125,28.206,139.09,6.566649999999999
Assam,Assam,Tinsukia,27.4885539,95.355758,106.345,42.21450000000001,113.46000000000001,6.703020000000001
Assam,Assam,Udalguri,26.7451087,92.095914,109.85,43.71000000000001,175.06,6.41182
Assam,Assam,West Karbi Anglong,25.9273292,92.3813621,111.78,33.573,187.05,5.96904
Bihar,Bihar,Araria,26.1324689,87.4528067,68.245,36.987,242.48000000000002,6.643179999999999
Bihar,Bihar,Arwal,25.2427603,84.6655981,83.95,40.46699999999999,223.3,6.644100000000001
Bihar,Bihar,Aurangabad,24.7486689,84.3807025,87.35,38.2155,225.42000000000002,6.80046
Bihar,Bihar,Banka,24.8874179,86.919838,54.845,43.4415,211.93,6.782009999999999
Bihar,Bihar,Begusarai,25.4181638,86.1271542,51.32,43.56,233.61999999999998,6.801289999999999
Bihar,Bihar,Bhagalpur,25.242453,86.9842256,50.75,44.9175,253.43,6.8001000000000005
Bihar,Bihar,Bhojpur,25.466155,84.5222189,92.29999999999998,43.83,224.00999999999996,6.801079999999999
Bihar,Bihar,Buxar,25.5647103,83.9777482,53.345,44.766,223.76,6.800720000000001
Bihar,Bihar,Darbhanga,26.1542045,85.8918454,68.11500000000001,40.385999999999996,218.69,6.79855
Bihar,Bihar,Gaya,24.7913957,85.0002336,99.5,43.323,232.53,6.800270000000001
Bihar,Bihar,Gopalganj,26.4605776,84.4402462,50.18000000000001,43.33500000000001,201.52,6.80299
Bihar,Bihar,Jamui,24.9255887,86.2258592,74.80000000000001,32.616,193.77,6.78779
Bihar,Bihar,Jehanabad,25.2132649,84.9853322,99.17999999999999,41.592,227.0,6.80223
Bihar,Bihar,Kaimur,24.9080554,83.5323391,77.29499999999999,44.970000000000006,208.94,6.79639
Bihar,Bihar,Katihar,25.5540648,87.5591073,82.375,40.908,227.64,6.37202
Bihar,Bihar,Khagaria,25.50452,86.4701416,50.169999999999995,43.995000000000005,202.85,6.799670000000001
Bihar,Bihar,Kishanganj,26.0982167,87.9450379,68.24000000000001,43.027499999999996,240.18000000000004,5.97371
Bihar,Bihar,Lakhisarai,25.1571454,86.0951592,78.345,42.6045,244.06,6.82781
Bihar,Bihar,Madhepura,25.9239677,86.7946387,96.015,44.98650000000001,192.97,6.75965
Bihar,Bihar,Madhubani,26.3482938,86.0711661,64.33500000000001,20.744999999999997,151.7,6.796
Bihar,Bihar,Munger,25.3707993,86.4733903,68.61,44.025000000000006,240.55,6.797140000000001
Bihar,Bihar,Muzaffarpur,26.1196607,85.390982,50.15,44.541,210.54000000000002,6.932340000000001
Bihar,Bihar,Nalanda,25.1240603,85.4594749,96.28,39.006,229.93,6.798719999999999
Bihar,Bihar,Nawada,24.8866859,85.5434572,85.13000000000001,42.233999999999995,238.78,6.803800000000001
Bihar,Bihar,Patna,25.5940947,85.1375645,96.255,43.922999999999995,209.05,6.8017900000000004
Bihar,Bihar,Purnia,25.771665,87.4792359,67.69,39.8745,216.24,6.499420000000001
Bihar,Bihar,Rohtas,24.6287405,83.9201656,99.62,44.7645,213.70999999999998,6.7968399999999995
Bihar,Bihar,Saharsa,25.8773651,86.5927887,72.11,38.841,199.34,6.75822
Bihar,Bihar,Samastipur,25.8560271,85.7868233,50.32,42.0525,205.72,6.80453
Bihar,Bihar,Saran,25.8559698,84.8567932,50.035000000000004,44.382,204.54,6.80456
Bihar,Bihar,Sheikhpura,25.1391653,85.8392151,50.160000000000004,44.8665,236.32999999999998,6.79842
Bihar,Bihar,Sheohar,26.5145872,85.2942313,68.125,36.333,186.76000000000002,6.80072
Bihar,Bihar,Sitamarhi,26.5886976,85.5012971,58.995000000000005,43.9545,205.76000000000002,6.8005700000000004
Bihar,Bihar,Siwan,26.2243204,84.3599953,50.03,38.163000000000004,216.38,6.752250000000001
Bihar,Bihar,Supaul,26.1233718,86.6045134,74.845,42.015,203.11,6.80964
Bihar,Bihar,Vaishali,25.6838206,85.354965,50.195,40.8195,201.14,6.9448
Chhattisgarh,Chhattisgarh,Balod,20.7268981,81.2049301,66.505,31.963500000000003,281.8,6.76785
Chhattisgarh,Chhattisgarh,Baloda Bazar,21.6570941,82.1612298,51.635,31.825499999999998,261.58,6.69856
Chhattisgarh,Chhattisgarh,Balrampur,23.6081617,83.6190138,66.63,18.708,262.51,6.54013
Chhattisgarh,Chhattisgarh,Bastar,19.2073279,81.9338685,64.605,29.3445,208.42,6.62365
Chhattisgarh,Chhattisgarh,Bemetara,21.7140253,81.5356149,53.245000000000005,29.617500000000003,289.12,6.800119999999999
Chhattisgarh,Chhattisgarh,Bijapur,18.7963075,80.815622,50.730000000000004,28.5825,228.14,6.797520000000001
Chhattisgarh,Chhattisgarh,Bilaspur,22.0796545,82.1409152,82.42500000000001,28.852500000000003,290.65,6.798649999999999
Chhattisgarh,Chhattisgarh,Dantewada (South Bastar),18.8998486,81.34743,52.29,29.103,230.81,6.803450000000001
Chhattisgarh,Chhattisgarh,Dhamtari,20.7101344,81.5489077,78.28999999999999,31.240500000000004,246.64999999999998,6.7487200000000005
Chhattisgarh,Chhattisgarh,Durg,21.1904494,81.2849169,96.15,29.752499999999998,275.34000000000003,6.784349999999999
Chhattisgarh,Chhattisgarh,Gariaband,20.6347897,82.0614974,50.245,29.847,274.64,6.802309999999999
Chhattisgarh,Chhattisgarh,Gaurela-Pendra-Marwahi,22.8475281,81.9971108,69.62,33.1695,245.84,6.709549999999999
Chhattisgarh,Chhattisgarh,Janjgir-Champa,21.9705529,82.4752757,53.42,30.9345,213.08,6.71948
Chhattisgarh,Chhattisgarh,Jashpur,22.8759331,84.1381159,75.25,16.515,279.22999999999996,6.5163400000000005
Chhattisgarh,Chhattisgarh,Kabirdham (Kawardha),22.0106092,81.2359282,81.265,30.884999999999998,298.85,6.794539999999999
Chhattisgarh,Chhattisgarh,Kanker (North Bastar),20.2675174,81.4927385,84.415,28.32,258.03999999999996,6.36509
Chhattisgarh,Chhattisgarh,Kondagaon,19.595393,81.664585,59.885,31.107,223.59,6.77553
Chhattisgarh,Chhattisgarh,Korba,22.3594501,82.7500595,50.96,30.0315,250.67999999999998,6.7992099999999995
Chhattisgarh,Chhattisgarh,Koriya,23.3875499,82.3885783,54.98,29.718,219.36,6.49736
Chhattisgarh,Chhattisgarh,Mahasamund,21.1124067,82.095962,53.91,29.070000000000004,243.02,6.698229999999999
Chhattisgarh,Chhattisgarh,Mungeli,22.0661963,81.6839125,89.22500000000001,29.068500000000004,277.35,6.799059999999999
Chhattisgarh,Chhattisgarh,Narayanpur,19.7195568,81.2471973,54.945,24.608999999999998,203.05,6.6616100000000005
Chhattisgarh,Chhattisgarh,Raigarh,21.8974003,83.3949632,66.81,21.088499999999996,199.9,6.6055600000000005
Chhattisgarh,Chhattisgarh,Raipur,21.2513844,81.6296413,55.21,26.8395,200.17999999999998,6.79249
Chhattisgarh,Chhattisgarh,Rajnandgaon,21.0976046,81.0337066,50.815000000000005,21.489,191.0,6.743219999999999
Chhattisgarh,Chhattisgarh,Sukma,18.3909118,81.6588003,51.81,29.6265,204.95999999999998,6.76196
Chhattisgarh,Chhattisgarh,Surajpur,23.2136011,82.8679549,50.050000000000004,24.012,217.23,6.470319999999999
Chhattisgarh,Chhattisgarh,Surguja,22.9494079,83.1649001,50.160000000000004,30.007499999999997,212.29000000000002,5.78886
Goa,Goa,North Goa,15.5163112,73.9830029,105.775,29.2185,184.13000000000002,5.9056
Goa,Goa,South Goa,15.11766,74.123996,95.975,21.1665,207.83999999999997,5.96812
Gujarat,Gujarat,Ahmedabad,23.022505,72.5713621,53.644999999999996,39.75000000000001,286.61999999999995,6.81372
Gujarat,Gujarat,Amreli,21.6015242,71.2203555,53.684999999999995,42.318000000000005,254.56,6.82122
Gujarat,Gujarat,Anand,22.5645175,72.928871,57.135000000000005,44.8845,279.36999999999995,6.84896
Gujarat,Gujarat,Aravalli,23.5204911,73.3708696,51.644999999999996,41.601,248.85000000000002,6.816560000000001
Gujarat,Gujarat,Banaskantha,24.3070289,72.3514618,50.725,43.28249999999999,264.34999999999997,6.834560000000001
Gujarat,Gujarat,Bharuch,21.7051358,72.9958748,56.485,27.428999999999995,225.95999999999998,6.807439999999999
Gujarat,Gujarat,Bhavnagar,21.7644725,72.1519304,51.019999999999996,31.282499999999995,297.28,6.800109999999999
Gujarat,Gujarat,Botad,22.1722509,71.663622,55.879999999999995,28.791000000000004,296.22999999999996,6.8
Gujarat,Gujarat,Chhota Udaipur,22.3084941,74.0119993,69.37,26.4495,238.85,6.81523
Gujarat,Gujarat,Dahod,22.8344992,74.2606185,61.074999999999996,39.6375,240.88000000000002,6.799329999999999
Gujarat,Gujarat,Dang,20.8253781,73.7007088,81.655,27.678000000000004,192.19,6.80024
Gujarat,Gujarat,Devbhoomi Dwarka,22.1232327,69.3831079,83.36,43.629,213.06,6.82996
Gujarat,Gujarat,Gandhinagar,23.2156354,72.6369415,50.620000000000005,44.7795,288.14,6.811309999999999
Gujarat,Gujarat,Gir Somnath,20.8803104,70.7644236,77.005,30.013500000000004,179.42000000000002,6.8129800000000005
Gujarat,Gujarat,Jamnagar,22.4707019,70.05773,72.895,41.0085,230.20000000000002,6.83694
Gujarat,Gujarat,Junagadh,21.5222203,70.4579436,53.925000000000004,41.176500000000004,262.36,6.80009
Gujarat,Gujarat,Kheda,22.750651,72.6846658,50.875,42.297000000000004,260.95,6.85784
Gujarat,Gujarat,Kutch,23.7337326,69.8597406,61.315,37.2045,271.43,6.91852
Gujarat,Gujarat,Mahisagar,23.1711262,73.5594128,54.175,35.605500000000006,279.71000000000004,6.7998699999999985
Gujarat,Gujarat,Mehsana,23.5879607,72.3693252,51.065,34.35,204.23,6.886209999999999
Gujarat,Gujarat,Morbi,22.8251874,70.8490809,75.255,43.9785,245.89999999999998,6.84296
Gujarat,Gujarat,Narmada,21.8757175,73.5594128,68.81,34.8105,234.7,6.7943500000000006
Gujarat,Gujarat,Navsari,20.9467019,72.9520348,67.595,44.9895,287.58000000000004,6.8
Gujarat,Gujarat,Panchmahal,22.8011177,73.5594128,72.125,36.3825,234.14000000000001,6.80175
Gujarat,Gujarat,Patan,23.8500156,72.1210274,50.114999999999995,38.718,291.46999999999997,6.8003599999999995
Gujarat,Gujarat,Porbandar,21.6416979,69.6293059,56.5,32.43,292.65000000000003,6.8003599999999995
Gujarat,Gujarat,Rajkot,22.3038945,70.8021599,57.48,44.568000000000005,279.34000000000003,6.71427
Gujarat,Gujarat,Sabarkantha,23.8476704,72.9932969,50.155,43.332,247.4,6.8185899999999995
Gujarat,Gujarat,Surat,21.1702401,72.8310607,53.85,41.862,248.35,6.808960000000001
Gujarat,Gujarat,Surendranagar,22.7251204,71.6369542,68.015,41.412000000000006,268.89000000000004,6.80504
Gujarat,Gujarat,Tapi,21.2788724,73.6065223,58.364999999999995,43.0155,267.72999999999996,6.80228
Gujarat,Gujarat,Vadodara,22.3071588,73.1812187,59.305,36.817499999999995,233.62,6.80624
Gujarat,Gujarat,Valsad,20.5992349,72.9342451,70.11500000000001,43.11,244.13,6.7945400000000005
Haryana,Haryana,Ambala,30.3752011,76.782122,0.0,37.993500000000004,173.57,6.8478699999999995
Haryana,Haryana,Bhiwani,28.7974684,76.1322058,0.0,32.1555,191.8,6.87258
Haryana,Haryana,Charkhi Dadri,28.5920617,76.2652909,0.0,31.793999999999997,192.25,6.7996099999999995
Haryana,Haryana,Fatehabad,29.5131814,75.4509532,0.0,42.4515,256.79,6.810079999999999
Haryana,Haryana,Hisar,29.1491875,75.7216527,0.0,40.4955,172.66,6.801029999999999
Haryana,Haryana,Jhajjar,28.6054875,76.6537749,0.0,36.304500000000004,193.53,6.858359999999999
Haryana,Haryana,Jind,29.325508,76.2997909,0.0,29.991,298.3,6.80072
Haryana,Haryana,Kaithal,29.8042758,76.4039016,0.0,40.852500000000006,200.76999999999998,6.90536
Haryana,Haryana,Karnal,29.6856929,76.9904825,0.0,42.507,286.92,6.8534
Haryana,Haryana,Kurukshetra,29.9695121,76.878282,0.0,41.0805,238.56000000000003,6.89236
Haryana,Haryana,Mahendragarh,28.2734201,76.1401349,0.0,33.519000000000005,137.56,6.80411
Haryana,Haryana,Nuh,28.1023894,76.9931074,0.0,40.6065,199.0,6.87056
Haryana,Haryana,Palwal,28.1472852,77.3259878,0.0,40.357499999999995,247.24000000000004,6.8
Haryana,Haryana,Panchkula,30.6942091,76.860565,0.0,38.184,230.53,6.81083
Haryana,Haryana,Panipat,29.3909464,76.9635023,0.0,42.21450000000001,180.82999999999998,6.80189
Haryana,Haryana,Rewari,28.1919738,76.6190774,0.0,34.2795,126.35,6.81992
Haryana,Haryana,Rohtak,28.8955152,76.606611,0.0,43.855500000000006,163.63,6.799729999999999
Haryana,Haryana,Sirsa,29.5320731,75.0317734,0.0,30.029999999999998,242.60999999999999,6.8360899999999996
Haryana,Haryana,Sonipat,28.9930823,77.0150735,0.0,26.567999999999998,218.52,6.80504
Haryana,Haryana,Yamunanagar,30.1290485,77.2673901,0.0,39.138000000000005,138.76,6.806889999999999
Himachal Pradesh,Himachal Pradesh,Bilaspur,31.3406931,76.6874701,95.47000000000001,27.813,194.39999999999998,6.79848
Himachal Pradesh,Himachal Pradesh,Chamba,32.5533633,76.1258083,93.58500000000001,27.147000000000006,167.84,6.79773
Himachal Pradesh,Himachal Pradesh,Hamirpur,31.6861745,76.5213092,99.485,32.022,209.53,6.800750000000001
Himachal Pradesh,Himachal Pradesh,Kangra,32.1014764,76.2731465,76.92999999999999,33.7905,264.19,6.77954
Himachal Pradesh,Himachal Pradesh,Kinnaur,31.6509576,78.4751945,50.614999999999995,40.8435,297.54,6.802169999999999
Himachal Pradesh,Himachal Pradesh,Kullu,31.959205,77.1089377,50.275,41.1885,236.15,6.76602
Himachal Pradesh,Himachal Pradesh,Lahaul And Spiti,32.6192107,77.3783789,50.1,42.351,255.89000000000001,6.79649
Himachal Pradesh,Himachal Pradesh,Mandi,31.7087153,76.9320104,52.12,28.9215,232.27,6.78208
Himachal Pradesh,Himachal Pradesh,Shimla,31.104963,77.1639874,50.115,34.191,266.04,6.789820000000001
Himachal Pradesh,Himachal Pradesh,Sirmaur,30.5628455,77.4701972,86.91499999999999,32.673,257.90999999999997,6.798799999999999
Himachal Pradesh,Himachal Pradesh,Solan,30.9084245,77.0999031,50.0,34.0755,210.98999999999998,6.7839599999999995
Himachal Pradesh,Himachal Pradesh,Una,31.4684649,76.2708152,89.4,27.624000000000002,169.14,6.798439999999999
Jharkhand,Jharkhand,Bokaro,23.6692956,86.151112,68.42,37.240500000000004,205.15,5.837829999999999
Jharkhand,Jharkhand,Chatra,24.206475,84.8718433,78.965,34.0005,223.48,6.33628
Jharkhand,Jharkhand,Deoghar,24.485179,86.694785,92.685,31.4685,208.22,6.543259999999998
Jharkhand,Jharkhand,Dhanbad,23.7956531,86.4303859,80.46000000000001,33.153,208.41000000000003,6.2415199999999995
Jharkhand,Jharkhand,Dumka,24.2684794,87.2488088,69.32,25.990499999999997,150.73000000000002,6.174049999999999
Jharkhand,Jharkhand,East Singhbhum,22.4866756,86.4996546,70.84,35.63100000000001,196.21,6.08462
Jharkhand,Jharkhand,Garhwa,24.1548982,83.7995617,61.019999999999996,31.989,180.58,6.743
Jharkhand,Jharkhand,Giridih,24.19135,86.2996368,74.41,32.571000000000005,188.65,6.42975
Jharkhand,Jharkhand,Godda,24.8255215,87.2135177,60.5,40.6485,168.75,6.15208
Jharkhand,Jharkhand,Gumla,23.0441295,84.5379455,83.09,29.539499999999997,199.42,6.196289999999999
Jharkhand,Jharkhand,Hazaribagh,23.9924669,85.3636758,67.35,31.046999999999997,203.98000000000002,5.981
Jharkhand,Jharkhand,Jamtara,23.9612357,86.8048018,77.6,29.738999999999997,176.21999999999997,5.8468399999999985
Jharkhand,Jharkhand,Khunti,23.0797595,85.2774207,93.935,29.031,196.99999999999997,6.2538800000000005
Jharkhand,Jharkhand,Koderma,24.4676805,85.5933645,93.135,28.957500000000003,195.52,6.725840000000001
Jharkhand,Jharkhand,Latehar,23.7463215,84.5091102,93.985,27.828,203.78,6.333830000000001
Jharkhand,Jharkhand,Lohardaga,23.4415776,84.6869722,83.86999999999999,31.404,169.84,6.249890000000001
Jharkhand,Jharkhand,Pakur,24.6336908,87.8500644,91.00500000000001,30.4785,187.64,6.50495
Jharkhand,Jharkhand,Palamu,23.8324728,85.9585544,78.19,34.825500000000005,208.87,6.7930600000000005
Jharkhand,Jharkhand,Ramgarh,23.6362593,85.5124209,59.76,32.133,212.92999999999998,6.34565
Jharkhand,Jharkhand,Ranchi,23.3440997,85.309562,74.89000000000001,33.708,207.19,6.20157
Jharkhand,Jharkhand,Sahebganj,25.2381216,87.6453592,98.985,39.045,203.85,6.77583
Jharkhand,Jharkhand,Seraikela Kharsawan,22.8561261,86.0121573,65.14,28.407,200.51000000000002,5.88857
Jharkhand,Jharkhand,Simdega,22.6133396,84.5018278,75.86500000000001,31.92,207.23000000000002,6.07352
Jharkhand,Jharkhand,West Singhbhum,22.3650858,85.4375574,84.405,32.973,192.8,6.363159999999999
Kerala,Kerala,Alappuzha,9.4980667,76.3388484,50.0,43.980000000000004,140.55,6.717850000000001
Kerala,Kerala,Ernakulam,9.9816358,76.2998842,50.0,42.1995,206.23,6.39297
Kerala,Kerala,Idukki,9.8583987,76.9527836,50.0,36.36,227.81,5.69435
Kerala,Kerala,Kannur,11.8744775,75.3703662,50.0,38.403,184.76,6.21747
Kerala,Kerala,Kasaragod,12.4995966,74.9869276,50.0,32.707499999999996,168.35000000000002,5.985009999999999
Kerala,Kerala,Kollam,8.8932118,76.6141396,50.0,42.94800000000001,192.62,6.3004
Kerala,Kerala,Kottayam,9.5915668,76.5221531,50.0,40.651500000000006,196.57999999999998,6.228109999999999
Kerala,Kerala,Kozhikode,11.2587531,75.78041,50.0,39.17549999999999,190.43,6.44445
Kerala,Kerala,Malappuram,11.0509762,76.0710967,73.76,36.897,207.87,6.4557400000000005
Kerala,Kerala,Palakkad,10.7867303,76.6547932,50.0,39.1965,234.05999999999997,6.62577
Kerala,Kerala,Pathanamthitta,9.2647582,76.7870414,50.0,41.628,239.1,6.342229999999999
Kerala,Kerala,Thiruvananthapuram,8.5241391,76.9366376,50.0,42.912,225.60999999999999,6.596629999999999
Kerala,Kerala,Thrissur,10.5276416,76.2144349,50.0,43.408500000000004,198.73,6.66789
Kerala,Kerala,Wayanad,11.703206,76.0833999,50.0,33.1005,198.82000000000002,6.5891399999999996
Madhya Pradesh,Madhya Pradesh,Agar Malwa,23.7137337,76.0094637,56.53,29.0415,264.65000000000003,6.8000300000000005
Madhya Pradesh,Madhya Pradesh,Alirajpur,22.3059709,74.3558148,74.9,36.6195,205.22,6.6708
Madhya Pradesh,Madhya Pradesh,Anuppur,23.1148065,81.6987997,61.254999999999995,39.426,198.6,6.799989999999999
Madhya Pradesh,Madhya Pradesh,Ashoknagar,24.5775148,77.7318495,53.055,30.2925,211.62,6.801
Madhya Pradesh,Madhya Pradesh,Balaghat,21.812876,80.1838293,87.245,32.347500000000004,275.83,6.797159999999999
Madhya Pradesh,Madhya Pradesh,Barwani,22.0363157,74.903339,67.03,29.2425,228.13000000000002,6.8058499999999995
Madhya Pradesh,Madhya Pradesh,Betul,21.9011601,77.8960201,52.059999999999995,31.9395,227.63,6.80247
Madhya Pradesh,Madhya Pradesh,Bhind,26.5637768,78.7860916,50.46,28.5495,268.3,6.79583
Madhya Pradesh,Madhya Pradesh,Bhopal,23.2599333,77.412615,68.23500000000001,29.253,276.9,6.79948
Madhya Pradesh,Madhya Pradesh,Burhanpur,21.3145021,76.2180095,55.105000000000004,29.1225,253.20000000000002,6.8006
Madhya Pradesh,Madhya Pradesh,Chhatarpur,24.9167821,79.5910058,56.62,35.3685,269.5,6.79944
Madhya Pradesh,Madhya Pradesh,Chhindwara,22.057437,78.9381729,69.905,31.896,211.64,6.800750000000001
Madhya Pradesh,Madhya Pradesh,Damoh,23.8323022,79.4386591,84.345,28.038,228.07,6.7922899999999995
Madhya Pradesh,Madhya Pradesh,Datia,25.6653168,78.4609182,54.175000000000004,32.532,215.47,6.813759999999999
Madhya Pradesh,Madhya Pradesh,Dewas,22.9675929,76.0534454,66.93,30.027,200.47,6.79596
Madhya Pradesh,Madhya Pradesh,Dhar,22.5980549,75.3039628,93.02000000000001,30.63,217.91,6.798909999999999
Madhya Pradesh,Madhya Pradesh,Dindori,22.9417931,81.0768455,87.78,30.220499999999998,252.78999999999996,6.78394
Madhya Pradesh,Madhya Pradesh,Guna,24.6323648,77.3001762,52.425,30.061499999999995,169.87,6.800180000000001
Madhya Pradesh,Madhya Pradesh,Gwalior,26.2124007,78.1772053,50.045,44.7105,200.16,6.79792
Madhya Pradesh,Madhya Pradesh,Harda,22.3466702,77.0889583,65.6,43.56,224.42999999999998,6.800469999999999
Madhya Pradesh,Madhya Pradesh,Indore,22.7195687,75.8577258,50.12,30.453,298.67,6.80122
Madhya Pradesh,Madhya Pradesh,Jabalpur,23.1685786,79.9338798,91.85499999999999,32.7795,275.31,6.79974
Madhya Pradesh,Madhya Pradesh,Jhabua,22.769666,74.5920921,74.62,30.921,207.19000000000003,6.79946
Madhya Pradesh,Madhya Pradesh,Katni,23.8343441,80.3893814,56.97,28.3335,279.75,6.800629999999999
Madhya Pradesh,Madhya Pradesh,Khandwa (East Nimar),21.8314037,76.3497612,57.21,27.270000000000003,250.90999999999997,6.800669999999998
Madhya Pradesh,Madhya Pradesh,Khargone (West Nimar),21.8257464,75.6184061,54.945,30.2115,232.48999999999998,6.80172
Madhya Pradesh,Madhya Pradesh,Mandla,22.5978545,80.3713531,66.58,34.15800000000001,241.06999999999996,6.493539999999999
Madhya Pradesh,Madhya Pradesh,Mandsaur,24.0734356,75.0679018,57.53,24.8085,215.03,6.82933
Madhya Pradesh,Madhya Pradesh,Morena,26.4947172,77.9940222,56.425,37.46549999999999,213.64000000000001,6.7735
Madhya Pradesh,Madhya Pradesh,Narsinghpur,22.9473179,79.1923266,51.73,34.8495,264.32000000000005,6.798729999999999
Madhya Pradesh,Madhya Pradesh,Neemuch,24.4737663,74.8726497,76.815,23.2545,271.77000000000004,6.804369999999999
Madhya Pradesh,Madhya Pradesh,Niwari,25.3697238,78.7986181,66.065,40.11300000000001,231.74,6.797859999999999
Madhya Pradesh,Madhya Pradesh,Panna,24.7174633,80.1814145,85.935,30.3135,203.38000000000002,6.795429999999999
Madhya Pradesh,Madhya Pradesh,Raisen,23.3327329,77.7823973,54.965,29.858999999999998,238.31000000000003,6.805619999999999
Madhya Pradesh,Madhya Pradesh,Rajgarh,24.0078819,76.7278803,56.875,41.06550000000001,256.38,6.9371
Madhya Pradesh,Madhya Pradesh,Ratlam,23.3315103,75.0366677,56.215,29.49,277.76000000000005,6.8057099999999995
Madhya Pradesh,Madhya Pradesh,Rewa,24.5362477,81.3036946,66.68,31.445999999999998,229.05,6.79599
Madhya Pradesh,Madhya Pradesh,Sagar,23.838805,78.7378068,91.78999999999999,22.871999999999996,184.88,6.799989999999999
Madhya Pradesh,Madhya Pradesh,Satna,24.6005075,80.8322428,63.965,43.4475,278.81,6.819520000000002
Madhya Pradesh,Madhya Pradesh,Sehore,23.2032399,77.0844044,73.425,28.092,271.35,6.791079999999999
Madhya Pradesh,Madhya Pradesh,Seoni,22.0868691,79.5434841,76.69999999999999,34.279500000000006,288.71000000000004,6.793159999999999
Madhya Pradesh,Madhya Pradesh,Shahdol,23.300232,81.3568619,54.875,23.229000000000003,288.79999999999995,6.712450000000001
Madhya Pradesh,Madhya Pradesh,Shajapur,23.4225728,76.2871419,55.67,38.8335,185.37,6.80182
Madhya Pradesh,Madhya Pradesh,Sheopur,25.67282,76.6961305,51.39,29.276999999999994,216.78,6.80616
Madhya Pradesh,Madhya Pradesh,Shivpuri,25.4320478,77.6643815,72.66,42.864000000000004,200.96,6.7971699999999995
Madhya Pradesh,Madhya Pradesh,Sidhi,24.3956038,81.8825279,78.07,42.609,200.76000000000002,6.599909999999999
Madhya Pradesh,Madhya Pradesh,Singrauli,24.1989544,82.6676209,89.32499999999999,36.753,202.32,6.799300000000001
Madhya Pradesh,Madhya Pradesh,Tikamgarh,24.7456147,78.8320779,50.0,35.6415,239.62000000000003,6.8011800000000004
Madhya Pradesh,Madhya Pradesh,Ujjain,23.1764665,75.7885163,52.78,35.3445,285.89,6.801170000000001
Madhya Pradesh,Madhya Pradesh,Umaria,23.5309797,80.8294747,76.505,31.485000000000003,197.49,6.792279999999999
Madhya Pradesh,Madhya Pradesh,Vidisha,23.5235719,77.8139718,57.53,31.146,228.38,6.80067
Karnataka,Karnataka,Bagalkot,16.1691096,75.6615029,73.3,34.9305,228.56,6.87592
Karnataka,Karnataka,Ballari,15.1393932,76.9214428,89.185,32.3535,194.15999999999997,6.963760000000001
Karnataka,Karnataka,Belagavi,15.8496953,74.4976741,54.4,30.304499999999997,201.93,7.02667
Karnataka,Karnataka,Bengaluru Rural,13.3232149,77.4701972,53.845,37.669500000000006,202.38000000000002,6.532120000000001
Karnataka,Karnataka,Bengaluru Urban,12.9700247,77.6536125,53.330000000000005,35.631,195.46,6.678640000000001
Karnataka,Karnataka,Bidar,17.9103939,77.5199079,77.27000000000001,28.9395,298.59,6.7987400000000004
Karnataka,Karnataka,Chamarajanagar,11.9261471,76.9437312,104.25,38.961000000000006,191.96,6.80453
Karnataka,Karnataka,Chikkaballapur,13.4354985,77.7315344,50.9,41.791500000000006,230.26,6.7683800000000005
Karnataka,Karnataka,Chikkamagaluru,13.3161441,75.7720439,57.580000000000005,42.056999999999995,230.66000000000003,6.639299999999999
Karnataka,Karnataka,Chitradurga,14.2250932,76.3980464,52.785000000000004,41.8905,233.26,6.79984
Karnataka,Karnataka,Dakshina Kannada,12.8437814,75.2479061,51.775000000000006,32.144999999999996,165.74,6.48436
Karnataka,Karnataka,Davanagere,14.4644085,75.921758,98.455,42.5145,269.75,6.79724
Karnataka,Karnataka,Dharwad,15.4589236,75.007808,98.92,30.584999999999997,245.29999999999998,6.98455
Karnataka,Karnataka,Gadag,15.4315406,75.6355149,98.915,31.488,240.78999999999996,6.800019999999999
Karnataka,Karnataka,Hassan,13.0033234,76.1003894,106.975,43.785,226.16,6.77722
Karnataka,Karnataka,Haveri,14.7950698,75.3990674,85.525,30.398999999999997,209.13000000000002,6.770169999999999
Karnataka,Karnataka,Kalaburagi,17.329731,76.8342957,59.605,44.205,299.55,6.8012500000000005
Karnataka,Karnataka,Kodagu,12.3374942,75.8069082,100.265,37.0695,233.61,6.792979999999999
Karnataka,Karnataka,Kolar,13.1362143,78.1290986,53.68,39.791999999999994,189.01999999999998,6.687949999999999
Karnataka,Karnataka,Koppal,15.3504652,76.1567298,108.3,43.645500000000006,253.82,6.8177900000000005
Karnataka,Karnataka,Mandya,12.5218157,76.8951488,59.25,40.00500000000001,219.73,6.68461
Karnataka,Karnataka,Mysuru,12.2958104,76.6393805,50.275,41.4435,233.52,6.682169999999999
Karnataka,Karnataka,Raichur,16.216018,77.3565608,50.105,30.070500000000003,193.46,6.82426
Karnataka,Karnataka,Ramanagara,12.7208614,77.2798963,89.33,40.4205,187.04,6.62896
Karnataka,Karnataka,Shivamogga,13.9299299,75.568101,62.76,33.5715,241.24999999999997,6.58943
Karnataka,Karnataka,Tumakuru,13.3378762,77.117325,59.03,38.82300000000001,219.67999999999998,6.781929999999999
Karnataka,Karnataka,Udupi,13.3408807,74.7421427,73.25,36.03750000000001,189.43,5.69787
Karnataka,Karnataka,Uttara Kannada,14.7937065,74.6868815,59.150000000000006,32.503499999999995,185.8,6.5900099999999995
Karnataka,Karnataka,Vijayapura,16.8301708,75.710031,51.09,42.889500000000005,238.74,6.89999
Karnataka,Karnataka,Yadgir,16.7625516,77.1442251,58.78,40.077,288.27,6.850079999999999
Manipur,Manipur,Bishnupur,24.6303603,93.7598288,64.46707913669064,34.05070143884892,216.24683453237407,6.630826057553958
Manipur,Manipur,Chandel,24.3320104,94.0007254,64.46707913669064,34.05070143884892,216.24683453237407,6.630826057553958
Manipur,Manipur,Churachandpur,24.3460416,93.6999733,53.72,30.277500000000003,107.41999999999999,6.62937
Manipur,Manipur,Imphal East,24.8027256,94.028678,64.46707913669064,34.05070143884892,216.24683453237407,6.630826057553958
Manipur,Manipur,Imphal West,24.7827837,93.8858955,64.46707913669064,34.05070143884892,216.24683453237407,6.630826057553958
Manipur,Manipur,Jiribam,24.807552,93.1135292,64.46707913669064,34.05070143884892,216.24683453237407,6.630826057553958
Manipur,Manipur,Kakching,24.4975384,93.9863211,64.46707913669064,34.05070143884892,216.24683453237407,6.630826057553958
Manipur,Manipur,Kamjong,24.8615272,94.5106475,64.46707913669064,34.05070143884892,216.24683453237407,6.630826057553958
Manipur,Manipur,Kangpokpi,25.1519197,93.969963,64.46707913669064,34.05070143884892,216.24683453237407,6.630826057553958
Manipur,Manipur,Noney,24.8546947,93.6167146,64.46707913669064,34.05070143884892,216.24683453237407,6.630826057553958
Manipur,Manipur,Pherzawl,24.2620677,93.1887296,64.46707913669064,34.05070143884892,216.24683453237407,6.630826057553958
Manipur,Manipur,Senapati,25.2729769,94.0266087,64.46707913669064,34.05070143884892,216.24683453237407,6.630826057553958
Manipur,Manipur,Tamenglong,24.9897661,93.5011835,64.46707913669064,34.05070143884892,216.24683453237407,6.630826057553958
Manipur,Manipur,Tengnoupal,24.3869025,94.1475623,64.46707913669064,34.05070143884892,216.24683453237407,6.630826057553958
Manipur,Manipur,Thoubal,24.6415766,93.9991818,64.46707913669064,34.05070143884892,216.24683453237407,6.630826057553958
Manipur,Manipur,Ukhrul,25.0967563,94.3617273,64.46707913669064,34.05070143884892,216.24683453237407,6.630826057553958
Meghalaya,Meghalaya,East Garo Hills,25.5671692,90.5257823,85.83500000000001,18.5265,193.11,6.663889999999999
Meghalaya,Meghalaya,East Jaintia Hills,25.3100768,92.4999918,100.0,23.334,188.89,6.22228
Meghalaya,Meghalaya,East Khasi Hills,25.3681768,91.7538817,63.849999999999994,32.1255,163.63,6.0550999999999995
Meghalaya,Meghalaya,North Garo Hills,25.8270321,90.658333,67.995,21.313499999999998,190.07,6.2844500000000005
Meghalaya,Meghalaya,Ri-Bhoi,25.9321374,92.0665197,61.019999999999996,26.458499999999997,219.51,6.12656
Meghalaya,Meghalaya,South Garo Hills,25.3300969,90.563609,94.28,19.9695,191.48999999999998,6.11074
Meghalaya,Meghalaya,South West Garo Hills,25.4259627,89.9626799,82.07000000000001,20.142,178.26999999999998,6.116910000000001
Meghalaya,Meghalaya,South West Khasi Hills,25.3258908,91.2506002,67.57,34.9065,160.92,6.3151
Meghalaya,Meghalaya,West Garo Hills,25.7573475,90.2244662,88.19,20.5905,185.32,6.228389999999999
Meghalaya,Meghalaya,West Jaintia Hills,25.5488415,92.3813621,91.165,25.68,180.6,5.5553799999999995
Meghalaya,Meghalaya,West Khasi Hills,25.5624625,91.2891036,65.96000000000001,30.2085,212.62,6.14753
Mizoram,Mizoram,Aizawl,23.7307175,92.7173106,51.095,29.657999999999998,138.24,5.882719999999999
Mizoram,Mizoram,Champhai,23.4775158,93.3236697,50.714999999999996,32.376,145.53,5.9287399999999995
Mizoram,Mizoram,Hnahthial,22.9664136,92.9267853,50.0,24.231,115.38000000000001,6.70003
Mizoram,Mizoram,Khawzawl,23.5196404,93.1871877,50.0,33.0,130.0,6.6049999999999995
Mizoram,Mizoram,Kolasib,24.2252057,92.6777587,75.435,38.9715,259.33,6.360469999999999
Mizoram,Mizoram,Lawngtlai,22.5320875,92.8990711,50.0,17.590500000000002,103.27000000000001,6.16378
Mizoram,Mizoram,Lunglei,22.8889908,92.7455429,50.0,21.460499999999996,125.46,6.3064
Mizoram,Mizoram,Mamit,23.9283961,92.490728,75.82,29.428499999999996,244.01999999999998,6.26027
Mizoram,Mizoram,Saitual,23.6922467,92.9654146,51.685,29.799,129.89999999999998,6.14311
Mizoram,Mizoram,Serchhip,23.311308,92.8564098,52.644999999999996,33.316500000000005,107.66,6.24893
Nagaland,Nagaland,Chümoukedima,25.8040595,93.7540835,72.245,29.8995,221.42,5.999460000000001
Nagaland,Nagaland,Dimapur,25.9091406,93.7265605,74.93,27.987000000000002,202.05999999999997,5.88662
Nagaland,Nagaland,Kiphire,25.8683014,94.7857071,86.05999999999999,40.008,204.95999999999998,5.93092
Nagaland,Nagaland,Kohima,25.6751129,94.1085998,77.065,30.862499999999997,154.42,5.74498
Nagaland,Nagaland,Longleng,26.4876945,94.8165389,106.2,34.347,227.63,5.60478
Nagaland,Nagaland,Mokokchung,26.3210313,94.5147156,83.355,24.6495,179.1,5.512340000000001
Nagaland,Nagaland,Mon,26.733096,95.0615119,95.69999999999999,36.231,195.37,5.7290600000000005
Nagaland,Nagaland,Niuland,25.908945,93.989929,75.83,24.7665,241.51999999999998,5.89286
Nagaland,Nagaland,Noklak,26.2038991,95.0184302,72.60000000000001,27.616500000000002,205.97000000000003,6.334359999999999
Nagaland,Nagaland,Peren,25.5379976,93.7329664,135.37,15.033,139.05,6.145950000000001
Nagaland,Nagaland,Phek,25.6645749,94.4695358,79.65,25.845,214.26999999999998,5.799250000000001
Nagaland,Nagaland,Shamator,26.069541,94.879612,98.215,30.010500000000004,200.15000000000003,6.5465
Nagaland,Nagaland,Tseminyü,25.924691,94.214881,62.815,44.654999999999994,133.72,5.82929
Nagaland,Nagaland,Tuensang,26.234793,94.811956,70.14,30.165,220.45000000000002,6.14038
Nagaland,Nagaland,Wokha,26.1023895,94.2522438,136.29000000000002,15.0,143.58999999999997,5.87388
Nagaland,Nagaland,Zünheboto,26.0128579,94.5241504,95.99,37.071000000000005,247.97,5.61414
Odisha,Odisha,Angul,20.8404122,85.1028982,55.495000000000005,33.786,248.11,6.399850000000001
Odisha,Odisha,Balangir,20.7011108,83.4846069,57.315,29.363999999999997,199.05,6.73433
Odisha,Odisha,Balasore,21.4933578,86.9134794,50.765,27.45,185.77,6.48468
Odisha,Odisha,Bargarh,21.3470154,83.6320212,58.765,36.891,237.63000000000002,6.2665500000000005
Odisha,Odisha,Bhadrak,21.0573616,86.4962996,69.19999999999999,35.80950000000001,208.87,6.552289999999999
Odisha,Odisha,Boudh,20.8418205,84.3200184,60.515,38.469,223.94,6.62322
Odisha,Odisha,Cuttack,20.462521,85.8829895,56.725,29.875500000000002,182.91000000000003,6.03294
Odisha,Odisha,Deogarh,21.5383136,84.7289442,51.835,15.870000000000001,226.73000000000002,6.505669999999999
Odisha,Odisha,Dhenkanal,20.6504753,85.5981223,50.385000000000005,31.921499999999998,236.03999999999996,6.309629999999999
Odisha,Odisha,Gajapati,19.1912221,84.1857115,66.79499999999999,34.8135,224.09,6.38686
Odisha,Odisha,Ganjam,19.3871214,85.0523356,86.4,29.854499999999998,206.20999999999998,6.61879
Odisha,Odisha,Jagatsinghpur,20.2548998,86.1706221,50.355000000000004,43.0755,180.01999999999998,6.07316
Odisha,Odisha,Jajpur,20.8341019,86.3326058,59.0,26.0265,202.03,6.191050000000001
Odisha,Odisha,Jharsuguda,21.8554375,84.0061661,54.095,39.5775,270.83,5.71783
Odisha,Odisha,Kalahandi,19.9137363,83.1649001,79.8,33.312,210.26,6.67808
Odisha,Odisha,Kandhamal,20.1342042,84.0167423,85.30000000000001,25.89,211.01000000000002,5.82681
Odisha,Odisha,Kendrapara,20.5035436,86.4199321,56.129999999999995,27.0375,196.02,5.96175
Odisha,Odisha,Kendujhar,21.6393113,85.605525,58.635000000000005,24.8565,161.88,6.6538699999999995
Odisha,Odisha,Khordha,20.1862584,85.6222742,70.005,18.8055,184.71,6.042960000000001
Odisha,Odisha,Koraput,18.813487,82.7123327,76.64500000000001,22.128,222.99,6.1271
Odisha,Odisha,Malkangiri,18.3435863,81.8825279,54.585,41.125499999999995,213.66,6.308219999999999
Odisha,Odisha,Mayurbhanj,22.0086978,86.4187308,85.09,16.41,166.9,5.831440000000001
Odisha,Odisha,Nabarangpur,19.2277163,82.5490885,50.145,29.097,219.89000000000001,6.16789
Odisha,Odisha,Nayagarh,20.1231332,85.1038426,50.905,40.346999999999994,174.20999999999998,6.5670399999999995
Odisha,Odisha,Nuapada,20.8060184,82.5361393,92.265,34.9455,200.13,6.799989999999999
Odisha,Odisha,Puri,19.8134554,85.8312359,57.845,30.072000000000003,175.66,6.386689999999998
Odisha,Odisha,Rayagada,19.1714939,83.4116756,74.755,20.778,197.27999999999997,6.491369999999999
Odisha,Odisha,Sambalpur,21.4668716,83.9811665,77.41,31.221,228.81,6.2611
Odisha,Odisha,Subarnapur,20.8410126,83.8973977,67.86,39.6495,227.33,6.6261399999999995
Odisha,Odisha,Sundargarh,22.120021,84.037224,75.915,32.163000000000004,201.79999999999998,6.78959
Punjab,Punjab,Amritsar,31.6339793,74.8722642,50.0,27.258000000000003,175.95999999999998,6.818479999999999
Punjab,Punjab,Bathinda,30.210994,74.9454745,0.0,15.0,100.0,7.4
Punjab,Punjab,Faridkot,30.6774058,74.7539266,0.0,37.898999999999994,182.54000000000002,6.59939
Punjab,Punjab,Fatehgarh Sahib,30.6435345,76.39703,0.0,45.0,160.0,6.795450000000001
Punjab,Punjab,Ferozepur,30.9331348,74.6224755,0.0,30.451500000000003,204.5,7.0322000000000005
Punjab,Punjab,Gurdaspur,32.0413917,75.403086,0.0,15.0,100.0,6.857600000000001
Punjab,Punjab,Jalandhar,31.3260152,75.5761829,0.0,31.641000000000002,112.27000000000001,6.7990900000000005
Punjab,Punjab,Kapurthala,31.3722571,75.4017654,50.0,37.2615,113.78,6.81522
Punjab,Punjab,Moga,30.8230114,75.1734471,0.0,29.373,229.79999999999998,7.2956
Punjab,Punjab,Patiala,30.3397809,76.3868797,0.0,27.877499999999998,0.0,6.83503
Punjab,Punjab,Rupnagar,30.9661003,76.5230961,50.0,15.0,100.0,6.80108
Punjab,Punjab,Sahibzada Ajit Singh Nagar (Mohali),30.7046486,76.7178726,0.0,17.7345,100.52,0.0
Punjab,Punjab,Sangrur,30.2457963,75.8420716,0.0,35.2455,104.47,6.8
Punjab,Punjab,Tarn Taran,31.4538668,74.9267599,50.0,26.813999999999997,120.94,6.8692899999999995
Rajasthan,Rajasthan,Ajmer,26.4498954,74.6399163,50.0,39.4755,243.22,7.013929999999999
Rajasthan,Rajasthan,Alwar,27.5529907,76.6345735,52.78,41.894999999999996,195.36,6.85747
Rajasthan,Rajasthan,Banswara,23.5451408,74.4405475,50.0,38.91,243.99,6.80996
Rajasthan,Rajasthan,Baran,25.1012882,76.5119321,50.0,42.053999999999995,254.27,6.799620000000001
Rajasthan,Rajasthan,Barmer,25.7521467,71.3966865,50.0,44.914500000000004,206.51,6.969029999999999
Rajasthan,Rajasthan,Bharatpur,27.2151863,77.5029996,50.485,42.318,218.66000000000003,6.80561
Rajasthan,Rajasthan,Bhilwara,25.3407388,74.6313183,0.0,35.740500000000004,299.62,6.93332
Rajasthan,Rajasthan,Bikaner,28.0229348,73.3119159,50.0,41.9505,273.55,6.81706
Rajasthan,Rajasthan,Bundi,25.4325869,75.6482726,0.0,43.458,278.47999999999996,6.811159999999999
Rajasthan,Rajasthan,Chittorgarh,24.8829177,74.6229699,50.0,33.460499999999996,237.70000000000002,6.912799999999999
Rajasthan,Rajasthan,Churu,28.2925364,74.9707262,0.0,19.476,209.02,6.81205
Rajasthan,Rajasthan,Dausa,26.8996953,76.332411,0.0,43.305,220.48,6.89972
Rajasthan,Rajasthan,Dholpur,26.6965521,77.8907576,50.18,44.569500000000005,246.29999999999995,6.806909999999999
Rajasthan,Rajasthan,Dungarpur,23.8518813,73.7204305,50.0,41.44199999999999,222.73999999999998,6.806119999999999
Rajasthan,Rajasthan,Hanumangarh,29.5821848,74.3292106,0.0,40.968,286.83000000000004,6.91207
Rajasthan,Rajasthan,Jaipur,26.9124336,75.7872709,0.0,42.136500000000005,206.67,6.93488
Rajasthan,Rajasthan,Jaisalmer,26.9157487,70.9083443,50.0,43.413000000000004,232.25,7.83068
Rajasthan,Rajasthan,Jalore,25.3474783,72.6226296,50.0,43.776,226.47,7.195149999999999
Rajasthan,Rajasthan,Jhalawar,24.593906,76.1642846,50.0,43.4235,298.00999999999993,6.8003599999999995
Rajasthan,Rajasthan,Jhunjhunu,28.1317038,75.4022233,0.0,42.9825,247.78,6.97145
Rajasthan,Rajasthan,Jodhpur,26.2389469,73.0243094,50.0,41.397,256.05,7.359609999999999
Rajasthan,Rajasthan,Karauli,26.5049791,77.0267705,0.0,44.592000000000006,287.71,6.80096
Rajasthan,Rajasthan,Kota,25.2138156,75.8647527,50.0,41.524499999999996,279.46000000000004,6.803349999999999
Rajasthan,Rajasthan,Nagaur,27.1983368,73.7493272,0.0,42.075,254.21000000000004,7.12028
Rajasthan,Rajasthan,Pali,25.7780623,73.331147,0.0,39.834,271.86,7.19827
Rajasthan,Rajasthan,Pratapgarh,24.0339322,74.7813183,0.0,41.619,254.54,6.8003599999999995
Rajasthan,Rajasthan,Rajsamand,25.0583257,73.8860034,50.0,31.027500000000003,299.12,6.85861
Rajasthan,Rajasthan,Sikar,27.6093912,75.1397935,50.0,43.476000000000006,286.52000000000004,6.852409999999999
Rajasthan,Rajasthan,Sirohi,24.8827147,72.8608948,50.0,42.822,241.83,6.8191999999999995
Rajasthan,Rajasthan,Tonk,26.1659063,75.7962852,62.665,44.2395,283.88000000000005,6.8534299999999995
Rajasthan,Rajasthan,Udaipur,24.585445,73.712479,0.0,36.0765,136.76999999999998,6.839119999999999
Sikkim,Sikkim,Gangtok,27.3313512,88.6138113,95.7,41.297999999999995,217.74,6.12119
Sikkim,Sikkim,Gyalshing,27.2925414,88.2537454,89.63999999999999,37.386,185.60000000000002,6.412329999999999
Sikkim,Sikkim,Mangan,27.5005014,88.534612,86.095,42.003,204.76,6.49021
Sikkim,Sikkim,Namchi,27.1666353,88.3619334,74.28999999999999,41.09250000000001,263.54,6.24146
Sikkim,Sikkim,Pakyong,27.2429408,88.5968902,99.42,40.9035,215.23000000000002,6.30702
Sikkim,Sikkim,Soreng,27.1677842,88.2022796,80.345,41.928,211.01999999999998,5.6743500000000004
Tamil Nadu,Tamil Nadu,Ariyalur,11.1403677,79.07445,50.08,30.4875,199.31,6.79814
Tamil Nadu,Tamil Nadu,Chengalpattu,12.6819372,79.9888413,51.36,28.436999999999998,173.75,6.774259999999999
Tamil Nadu,Tamil Nadu,Coimbatore,11.0168445,76.9558321,50.535,26.193,294.30999999999995,6.907479999999999
Tamil Nadu,Tamil Nadu,Cuddalore,11.7480419,79.7713687,50.029999999999994,40.149,206.95,6.83591
Tamil Nadu,Tamil Nadu,Dharmapuri,12.1210997,78.1582143,50.075,35.088,229.25000000000003,6.822260000000001
Tamil Nadu,Tamil Nadu,Dindigul,10.3623794,77.9694579,51.175000000000004,25.546499999999998,269.85999999999996,6.806469999999999
Tamil Nadu,Tamil Nadu,Erode,11.3410364,77.7171642,50.2,26.985,284.55000000000007,6.8108699999999995
Tamil Nadu,Tamil Nadu,Kallakurichi,11.7383735,78.9638899,50.055,34.302,262.2300000000001,6.8004299999999995
Tamil Nadu,Tamil Nadu,Kanchipuram,12.8371787,79.7041698,50.165,30.748499999999996,221.93,6.7725800000000005
Tamil Nadu,Tamil Nadu,Kanniyakumari,8.0843512,77.5495019,50.61,42.53399999999999,193.60999999999999,6.45643
Tamil Nadu,Tamil Nadu,Karur,10.9600778,78.0766036,50.059999999999995,29.1465,257.21,6.897340000000001
Tamil Nadu,Tamil Nadu,Krishnagiri,12.5265661,78.2149575,50.019999999999996,32.2815,196.28,6.78989
Tamil Nadu,Tamil Nadu,Madurai,9.9252007,78.1197754,50.115,33.5295,259.07,6.815429999999999
Tamil Nadu,Tamil Nadu,Mayiladuthurai,11.1017705,79.6525686,50.6,34.733999999999995,230.91000000000003,6.8055200000000005
Tamil Nadu,Tamil Nadu,Nagapattinam,10.7672313,79.8448512,50.154999999999994,36.994499999999995,222.52,6.80095
Tamil Nadu,Tamil Nadu,Namakkal,11.2193848,78.1678418,50.225,33.8865,280.33,6.995490000000001
Tamil Nadu,Tamil Nadu,Perambalur,11.2342104,78.8806852,50.03,24.7335,247.75,6.871529999999999
Tamil Nadu,Tamil Nadu,Pudukkottai,10.3832867,78.800129,50.13,29.9895,210.01000000000002,6.802739999999999
Tamil Nadu,Tamil Nadu,Ramanathapuram,9.3639356,78.8394819,50.105,32.4765,284.85,6.73342
Tamil Nadu,Tamil Nadu,Ranipet,12.9487403,79.318978,50.050000000000004,36.895500000000006,174.75,6.8546700000000005
Tamil Nadu,Tamil Nadu,Salem,11.664325,78.1460142,50.22,28.189499999999995,254.52,6.8782000000000005
Tamil Nadu,Tamil Nadu,Sivaganga,9.8479616,78.4832344,50.190000000000005,28.9425,249.6,6.77605
Tamil Nadu,Tamil Nadu,Tenkasi,8.9564008,77.3152492,50.01,43.04700000000001,283.46,6.804530000000001
Tamil Nadu,Tamil Nadu,Thanjavur,10.787719,79.1384288,50.415,28.345499999999998,211.8,6.808939999999999
Tamil Nadu,Tamil Nadu,Theni,10.0079322,77.4735441,50.309999999999995,34.2795,278.69,6.83296
Tamil Nadu,Tamil Nadu,Tiruchirappalli,10.7904833,78.7046725,50.09,34.359,158.48000000000002,6.60695
Tamil Nadu,Tamil Nadu,Tirunelveli,8.715018,77.765628,50.08,38.1315,245.05999999999997,6.81806
Tamil Nadu,Tamil Nadu,Tirupathur,10.1084774,78.59731,50.410000000000004,33.4575,265.78,6.84884
Tamil Nadu,Tamil Nadu,Tiruppur,11.1085242,77.3410656,53.584999999999994,32.3205,231.92000000000002,6.833429999999999
Tamil Nadu,Tamil Nadu,Tiruvallur,13.1226901,79.911769,50.155,36.705,225.95,6.85718
Tamil Nadu,Tamil Nadu,Tiruvannamalai,12.2252841,79.0746957,50.105000000000004,27.652499999999996,296.45,6.99693
Tamil Nadu,Tamil Nadu,Tiruvarur,10.7661312,79.6343691,50.739999999999995,32.674499999999995,183.47,6.79537
Tamil Nadu,Tamil Nadu,Vellore,12.9235541,79.1330768,50.125,23.982,215.45999999999998,6.907850000000001
Tamil Nadu,Tamil Nadu,Viluppuram,11.9401378,79.4861449,50.065,34.3575,220.07999999999998,6.79295
Tamil Nadu,Tamil Nadu,Virudhunagar,9.5680116,77.9624435,50.190000000000005,25.083,256.22,6.927619999999998
Telangana,Telangana,Adilabad,19.6765668,78.5320841,81.88000000000001,43.1625,274.04999999999995,6.823880000000001
Telangana,Telangana,Bhadradri Kothagudem,17.73309,80.7214417,51.09,36.821999999999996,165.47000000000003,6.80204
Telangana,Telangana,Hanumakonda,18.0072341,79.5583921,77.575,44.223000000000006,281.91,6.79808
Telangana,Telangana,Hyderabad,17.406498,78.4772439,75.195,38.6535,189.99999999999997,7.221439999999999
Telangana,Telangana,Jagitial,18.7894881,78.9120459,52.03,43.753499999999995,259.97,6.844610000000001
Telangana,Telangana,Jangaon,17.7226509,79.1517868,54.64,44.502,269.38,6.821809999999999
Telangana,Telangana,Jayashankar Bhupalapally,18.4292622,79.8634855,91.25,44.175,225.0,6.8
Telangana,Telangana,Jogulamba Gadwal,16.090818,77.8367282,84.84,40.9305,190.2,6.801559999999999
Telangana,Telangana,Kamareddy,18.3204832,78.3369523,63.195,41.764500000000005,217.01,7.23767
Telangana,Telangana,Khammam,17.2472528,80.1514447,80.69,39.343500000000006,223.32,6.94328
Telangana,Telangana,Komaram Bheem Asifabad,19.3576167,79.4703885,66.81,39.732,251.04,6.8
Telangana,Telangana,Mahabubabad,17.5980196,79.9916831,72.515,43.4235,219.64999999999998,6.8
Telangana,Telangana,Mahabubnagar,16.7488379,78.0035172,84.52499999999999,41.7855,242.08999999999997,6.8
Telangana,Telangana,Mancherial,18.8713826,79.4443099,50.230000000000004,42.37800000000001,265.79,6.7459999999999996
Telangana,Telangana,Medak,18.0462192,78.2631756,50.254999999999995,44.5815,289.11999999999995,7.05199
Telangana,Telangana,Medchal–Malkajgiri,17.5698414,78.52065,55.36,44.8095,237.43,6.8166
Telangana,Telangana,Mulugu,18.1916156,79.9441298,54.695,44.503499999999995,234.26000000000002,6.82004
Telangana,Telangana,Nagarkurnool,16.4854864,78.3172586,64.205,43.503,191.09,6.884
Telangana,Telangana,Nalgonda,17.0577054,79.2683623,50.855000000000004,39.345000000000006,264.96000000000004,6.85536
Telangana,Telangana,Narayanpet,16.7440522,77.4954416,70.42,40.12199999999999,218.32999999999998,6.36522
Telangana,Telangana,Nirmal,19.0964117,78.342975,64.53999999999999,44.631,226.35999999999996,6.8
Telangana,Telangana,Nizamabad,18.6725047,78.0940867,50.36,42.1635,271.41,6.66077
Telangana,Telangana,Peddapalli,18.6151461,79.3826826,50.0,45.0,200.0,6.8
Telangana,Telangana,Rangareddy,17.1999602,78.5505481,50.325,35.271,268.43,6.78589
Telangana,Telangana,Sangareddy,17.6075232,78.0798191,50.925,40.329,274.5,6.74654
Telangana,Telangana,Siddipet,18.1017996,78.8519601,71.44,43.6515,170.99,6.827240000000001
Telangana,Telangana,Suryapet,17.1350091,79.6287915,51.645,41.415000000000006,244.16,6.81038
Telangana,Telangana,Vikarabad,17.3364555,77.9048268,50.0,43.6185,243.42000000000002,6.8
Telangana,Telangana,Wanaparthy,16.3623208,78.0621475,61.555,43.053000000000004,244.60999999999999,6.792979999999999
Telangana,Telangana,Warangal,17.9692624,79.5926304,61.86,44.391,136.33999999999997,7.031359999999999
Telangana,Telangana,Yadadri Bhuvanagiri,17.4532756,78.9288242,61.86,44.391,136.33999999999997,7.031359999999999
Tripura,Tripura,Dhalai,23.8466982,91.9099238,60.474999999999994,40.866,192.23000000000002,5.51396
Tripura,Tripura,Gomati,23.5166711,91.637215,71.315,30.1755,196.94,5.5772200000000005
Tripura,Tripura,Khowai,24.0688744,91.6037913,72.56,32.8425,196.91000000000003,6.0469100000000005
Tripura,Tripura,North Tripura,24.0797139,92.2630393,93.26,30.201,196.43,5.655679999999999
Tripura,Tripura,Sepahijala,23.6148176,91.3276422,69.97,33.306000000000004,192.9,6.077070000000001
Tripura,Tripura,South Tripura,23.2317493,91.5596117,85.74499999999999,35.29500000000001,194.29999999999998,6.10281
Tripura,Tripura,Unakoti,24.1780881,92.027319,99.60000000000001,30.2805,198.4,5.6803099999999995
Tripura,Tripura,West Tripura,23.899682,91.4048249,79.07499999999999,32.631,195.4,6.05237
Uttar Pradesh,Uttar Pradesh,Agra,27.1766701,78.0080745,50.114999999999995,31.415999999999997,245.71,6.802009999999999
Uttar Pradesh,Uttar Pradesh,Aligarh,27.8973944,78.0880129,59.6,19.845,116.27000000000001,7.241699999999999
Uttar Pradesh,Uttar Pradesh,Ambedkar Nagar,26.3745075,82.6915429,50.279999999999994,24.2895,192.26,6.869109999999999
Uttar Pradesh,Uttar Pradesh,Amethi,26.1540538,81.814238,51.309999999999995,25.066499999999998,180.9,6.838310000000001
Uttar Pradesh,Uttar Pradesh,Amroha,28.9051778,78.467318,50.22,28.728,196.05999999999997,6.79964
Uttar Pradesh,Uttar Pradesh,Auraiya,26.4605377,79.5112528,50.64,33.7965,199.98000000000002,6.80087
Uttar Pradesh,Uttar Pradesh,Ayodhya,26.7921605,82.1997954,50.52,22.944,178.64,6.79991
Uttar Pradesh,Uttar Pradesh,Azamgarh,26.0739138,83.1859495,50.035,31.005,198.62,6.817469999999999
Uttar Pradesh,Uttar Pradesh,Baghpat,28.9427827,77.227607,52.615,27.3,195.21,6.80186
Uttar Pradesh,Uttar Pradesh,Bahraich,27.5705152,81.5976672,50.01,28.848,192.39999999999998,6.80142
Uttar Pradesh,Uttar Pradesh,Ballia,25.8307174,84.1857115,53.29,35.778,193.37,6.80028
Uttar Pradesh,Uttar Pradesh,Balrampur,27.4307473,82.1805203,50.205,29.087999999999997,178.44,6.80161
Uttar Pradesh,Uttar Pradesh,Banda,25.4762689,80.3395498,50.160000000000004,35.849999999999994,197.07999999999998,6.80031
Uttar Pradesh,Uttar Pradesh,Barabanki,26.9268042,81.1833809,50.29,27.740999999999996,188.5,6.8068599999999995
Uttar Pradesh,Uttar Pradesh,Bareilly,28.3670355,79.4304381,50.26,23.6235,191.85,6.800549999999999
Uttar Pradesh,Uttar Pradesh,Basti,26.8139844,82.7629893,50.065,34.12350000000001,181.65,6.80444
Uttar Pradesh,Uttar Pradesh,Bhadohi,25.3804531,82.5676981,50.0,22.347,216.67000000000002,6.8
Uttar Pradesh,Uttar Pradesh,Bijnor,29.3731673,78.1350904,50.27,27.057,197.57,6.799659999999999
Uttar Pradesh,Uttar Pradesh,Budaun,28.0311101,79.1271229,50.02,26.006999999999998,174.19000000000003,6.800479999999999
Uttar Pradesh,Uttar Pradesh,Bulandshahr,28.406963,77.8498292,53.519999999999996,31.4415,199.57000000000002,6.8013900000000005
Uttar Pradesh,Uttar Pradesh,Chandauli,25.2604696,83.264538,50.14,18.7845,194.2,6.79991
Madhya Pradesh,Madhya Pradesh,Uttar Pradesh,25.1788154,80.8654534,50.08,26.808,240.92,6.80304
Uttar Pradesh,Uttar Pradesh,Deoria,26.5024286,83.7791283,50.29,26.2125,193.54,6.80088
Uttar Pradesh,Uttar Pradesh,Etah,27.5625106,78.6654148,53.745000000000005,30.202499999999997,205.46999999999997,6.8003599999999995
Uttar Pradesh,Uttar Pradesh,Etawah,26.7829103,79.027659,69.275,33.6285,206.13,6.801200000000001
Uttar Pradesh,Uttar Pradesh,Farrukhabad,27.3825853,79.5840195,50.04,27.240000000000002,203.64,6.79968
Uttar Pradesh,Uttar Pradesh,Fatehpur,25.9209503,80.7996035,50.0,36.4545,200.23000000000002,6.8008299999999995
Uttar Pradesh,Uttar Pradesh,Firozabad,27.1591961,78.3957331,50.22,32.4105,210.82,6.800459999999999
Uttar Pradesh,Uttar Pradesh,Gautam Buddha Nagar,28.358983,77.550762,58.51,26.2365,204.53,6.80055
Uttar Pradesh,Uttar Pradesh,Ghaziabad,28.6691565,77.4537578,66.025,26.898,195.84,6.8
Uttar Pradesh,Uttar Pradesh,Ghazipur,25.5877901,83.5783078,50.07,24.522000000000002,194.15,6.810169999999999
Uttar Pradesh,Uttar Pradesh,Gonda,27.1339874,81.9618979,50.02,27.829499999999996,169.78000000000003,6.80078
Uttar Pradesh,Uttar Pradesh,Gorakhpur,26.7605545,83.3731675,50.315,24.291000000000004,184.76,6.8015099999999995
Uttar Pradesh,Uttar Pradesh,Hamirpur,25.9548043,80.1526271,50.03,32.358000000000004,197.11999999999998,6.80168
Uttar Pradesh,Uttar Pradesh,Hapur,28.7305798,77.7758825,58.379999999999995,29.5815,202.93,6.80509
Uttar Pradesh,Uttar Pradesh,Hardoi,27.3965071,80.1250479,50.045,40.3635,196.53,6.8
Uttar Pradesh,Uttar Pradesh,Hathras,27.5980718,78.0492265,50.115,29.493000000000002,210.0,6.80263
Uttar Pradesh,Uttar Pradesh,Jalaun,26.1458649,79.3296565,50.12,29.948999999999998,298.71000000000004,6.8
Uttar Pradesh,Uttar Pradesh,Jaunpur,25.7464145,82.6837033,50.26,25.538999999999998,195.97,6.814869999999999
Uttar Pradesh,Uttar Pradesh,Jhansi,25.4487699,78.5697526,50.11,23.1975,261.80000000000007,6.8003599999999995
Uttar Pradesh,Uttar Pradesh,Kannauj,27.0514156,79.9136731,50.035000000000004,29.862000000000005,194.29000000000002,6.8024700000000005
Uttar Pradesh,Uttar Pradesh,Kanpur Dehat,26.526707,79.8296743,50.095,27.654000000000003,198.98,6.80143
Uttar Pradesh,Uttar Pradesh,Kanpur Nagar,26.4148245,80.2321313,50.050000000000004,28.934999999999995,199.37,6.8002199999999995
Uttar Pradesh,Uttar Pradesh,Kasganj,27.808529,78.6461098,51.660000000000004,28.150499999999997,198.73,6.806629999999999
Uttar Pradesh,Uttar Pradesh,Kaushambi,25.361054,81.4031707,50.004999999999995,29.424,255.69999999999996,6.8
Uttar Pradesh,Uttar Pradesh,Kushinagar,26.7398787,83.8869698,50.35,29.337,187.93,6.816860000000001
Uttar Pradesh,Uttar Pradesh,Lakhimpur Kheri,27.9462395,80.7787163,55.105,25.256999999999998,265.42,6.80264
Uttar Pradesh,Uttar Pradesh,Lalitpur,24.6911707,78.4138183,54.435,26.5845,252.58,6.80095
Uttar Pradesh,Uttar Pradesh,Lucknow,26.8466937,80.946166,50.28,22.9005,187.57999999999998,6.799729999999999
Uttar Pradesh,Uttar Pradesh,Maharajganj,27.1446035,83.5621737,50.0,34.2255,215.4,6.8
Uttar Pradesh,Uttar Pradesh,Mahoba,25.2945119,79.8858951,50.275000000000006,34.214999999999996,243.78999999999996,6.82058
Uttar Pradesh,Uttar Pradesh,Mainpuri,27.2281937,79.0251659,50.11,34.420500000000004,202.58,7.033380000000001
Uttar Pradesh,Uttar Pradesh,Mathura,27.4924134,77.673673,50.125,33.6555,199.34,6.80131
Uttar Pradesh,Uttar Pradesh,Mau,25.9462838,83.5610119,60.17,27.051000000000002,203.52,6.80095
Uttar Pradesh,Uttar Pradesh,Meerut,28.9844618,77.7064137,50.01,25.947,222.36999999999998,6.800409999999999
Uttar Pradesh,Uttar Pradesh,Mirzapur,25.1336987,82.5644344,50.199999999999996,33.3285,185.11,6.800200000000001
Uttar Pradesh,Uttar Pradesh,Moradabad,28.8386481,78.7733286,50.24,34.4775,161.26,6.800859999999999
Uttar Pradesh,Uttar Pradesh,Muzaffarnagar,29.4726817,77.7085091,50.0,27.440999999999995,183.52999999999997,6.8
Uttar Pradesh,Uttar Pradesh,Pilibhit,28.62494,79.8075272,50.235,34.359,198.26,6.8021400000000005
Uttar Pradesh,Uttar Pradesh,Pratapgarh,25.8973038,81.9452981,50.11,33.792,267.00000000000006,6.81047
Uttar Pradesh,Uttar Pradesh,Prayagraj,25.468338,81.8546019,50.37,19.917,195.26,6.81566
Uttar Pradesh,Uttar Pradesh,Raebareli,26.2144806,81.2528139,50.010000000000005,32.292,190.87,6.79974
Uttar Pradesh,Uttar Pradesh,Rampur,28.798299,79.0220287,50.12,29.9745,181.16,6.7998199999999995
Uttar Pradesh,Uttar Pradesh,Saharanpur,29.9680035,77.5552066,50.115,28.8825,200.82999999999998,6.8003
Uttar Pradesh,Uttar Pradesh,Sambhal,28.5903614,78.5717631,50.11,31.269000000000002,190.33,6.79929
Uttar Pradesh,Uttar Pradesh,Sant Kabir Nagar,26.7671755,83.0361376,50.035,25.754999999999995,197.56,6.8001000000000005
Uttar Pradesh,Uttar Pradesh,Shahjahanpur,27.8753399,79.9147268,50.04,30.885,172.66,6.80096
Uttar Pradesh,Uttar Pradesh,Shamli,29.4501986,77.3172046,50.13,27.072000000000003,180.35999999999999,6.8
Uttar Pradesh,Uttar Pradesh,Shravasti,27.5035427,82.036461,50.075,25.9095,199.98,6.79991
Uttar Pradesh,Uttar Pradesh,Siddharthnagar,27.2990659,83.0927827,50.09,26.214,198.94,6.823869999999999
Uttar Pradesh,Uttar Pradesh,Sitapur,27.5680156,80.6789519,50.02,29.6025,201.4,6.7998699999999985
Uttar Pradesh,Uttar Pradesh,Sonbhadra,24.6850005,83.0683519,50.515,30.7545,190.65,6.79882
Uttar Pradesh,Uttar Pradesh,Sultanpur,26.2585371,82.0659858,50.0,29.7855,267.24,6.8010399999999995
Uttar Pradesh,Uttar Pradesh,Unnao,26.5393449,80.4878195,50.045,25.111500000000003,199.63000000000002,6.85148
Uttar Pradesh,Uttar Pradesh,Varanasi,25.3176452,82.9739144,50.045,25.111500000000003,199.63000000000002,6.85148
Uttarakhand,Uttarakhand,Almora,29.5892407,79.646666,66.185,30.889499999999998,206.24,6.79152
Uttarakhand,Uttarakhand,Bageshwar,29.8403606,79.769426,51.195,30.0555,231.05999999999997,6.79467
Uttarakhand,Uttarakhand,Chamoli,30.4554245,79.8744836,51.345,38.895,213.66,6.7992
Uttarakhand,Uttarakhand,Champawat,29.3360974,80.0910275,52.565000000000005,37.305,244.07999999999998,6.68664
Uttarakhand,Uttarakhand,Dehradun,30.3164945,78.0321918,61.025,37.564499999999995,177.22,6.797509999999999
Uttarakhand,Uttarakhand,Haridwar,29.9456906,78.1642478,50.96,33.0015,210.81,6.80063
Uttarakhand,Uttarakhand,Nainital,29.3924139,79.4533773,50.0,31.624499999999998,224.49000000000004,6.750509999999999
Uttarakhand,Uttarakhand,Pauri Garhwal,30.146574,78.7766948,55.575,26.784,166.12,6.75835
Uttarakhand,Uttarakhand,Pithoragarh,29.5828604,80.2181884,50.65,25.261499999999998,199.17999999999998,6.526569999999999
Uttarakhand,Uttarakhand,Rudraprayag,30.2850407,78.982194,50.0,31.6545,250.78,6.77361
Uttarakhand,Uttarakhand,Tehri Garhwal,30.3825777,78.4737736,0.0,38.037,237.41999999999996,6.79955
Uttarakhand,Uttarakhand,Udham Singh Nagar,28.9609653,79.5153773,52.239999999999995,36.003,179.35000000000002,6.799
Uttarakhand,Uttarakhand,Uttarkashi,30.7305713,78.4436728,50.0,28.877999999999997,186.68,6.78284
West Bengal,West Bengal,Alipurduar,26.4922164,89.5319627,78.61,43.803,226.97999999999996,6.757829999999999
West Bengal,West Bengal,Bankura,23.2312686,87.0783875,87.92500000000001,39.4185,239.8,6.5908
West Bengal,West Bengal,Birbhum,24.3587525,87.8402888,67.875,42.8715,126.92999999999999,6.03479
West Bengal,West Bengal,Cooch Behar,26.3452397,89.4482079,95.72,36.3915,224.23,6.299049999999999
West Bengal,West Bengal,Dakshin Dinajpur,25.3715308,88.556531,75.565,40.638,208.0,6.48887
West Bengal,West Bengal,Darjeeling,27.0416208,88.2664124,71.465,43.839,157.93,6.05749
West Bengal,West Bengal,Hooghly,22.9011588,88.3898552,94.59,27.9135,215.96,5.972390000000001
West Bengal,West Bengal,Howrah,22.5957689,88.2636394,84.5,44.7585,263.28,6.436729999999999
West Bengal,West Bengal,Jalpaiguri,26.5214579,88.7195567,96.935,44.9865,275.68000000000006,6.50529
West Bengal,West Bengal,Jhargram,22.4549909,86.9974385,94.74,22.203,192.46,5.7372499999999995
West Bengal,West Bengal,Kalimpong,27.0593562,88.4694535,116.18499999999999,44.526,232.22,5.9868500000000004
West Bengal,West Bengal,Kolkata,22.5743545,88.3628734,99.82000000000001,44.928000000000004,199.88000000000002,6.14402
West Bengal,West Bengal,Malda,25.0108408,88.1410967,54.155,41.718,100.31,6.691719999999998
West Bengal,West Bengal,Murshidabad,24.1759039,88.2801785,71.655,42.9945,203.02,6.7606
West Bengal,West Bengal,Nadia,23.4709656,88.556531,50.97,38.374500000000005,233.95999999999998,6.796970000000001
West Bengal,West Bengal,North 24 Parganas,22.710047,88.7108964,78.61,43.803,226.97999999999996,6.757829999999999
West Bengal,West Bengal,Paschim Bardhaman,23.6901657,87.1821709,57.105000000000004,31.0425,180.3,6.591749999999999
West Bengal,West Bengal,Purba Bardhaman,23.2735522,87.9334803,65.245,42.782999999999994,221.07,6.51434
West Bengal,West Bengal,Purulia,23.3322026,86.3616405,72.805,44.25599999999999,248.73000000000002,6.79764
West Bengal,West Bengal,South 24 Parganas,22.1366735,88.556531,87.92500000000001,39.4185,239.8,6.5908
Andaman And Nicobar Islands,Andaman And Nicobar Islands,Nicobar,7.1205395,93.7841503,53.53,15.926999999999998,110.28999999999999,6.8
Andaman And Nicobar Islands,Andaman And Nicobar Islands,North And Middle Andaman,12.5601347,92.8976254,60.300000000000004,16.8165,121.92,6.557810000000001
Andaman And Nicobar Islands,Andaman And Nicobar Islands,South Andaman,10.7448873,92.4999918,56.89,16.215,120.59,6.66337
Dadra And Nagar Haveli And Daman And Diu,Dadra And Nagar Haveli And Daman And Diu,Daman,20.3973736,72.8327991,64.46707913669064,34.05070143884892,216.24683453237407,6.630826057553958
Dadra And Nagar Haveli And Daman And Diu,Dadra And Nagar Haveli And Daman And Diu,Diu,20.7180924,70.9857903,64.46707913669064,34.05070143884892,216.24683453237407,6.630826057553958
Dadra And Nagar Haveli And Daman And Diu,Dadra And Nagar Haveli And Daman And Diu,Dadra And Nagar Haveli,20.1808672,73.0169135,64.46707913669064,34.05070143884892,216.24683453237407,6.630826057553958
Delhi,Delhi,Central Delhi,28.6814551,77.22279,64.46707913669064,34.05070143884892,216.24683453237407,6.630826057553958
Delhi,Delhi,East Delhi,28.6273231,77.3007143,64.46707913669064,34.05070143884892,216.24683453237407,6.630826057553958
Delhi,Delhi,New Delhi,28.6139298,77.2088282,64.46707913669064,34.05070143884892,216.24683453237407,6.630826057553958
Delhi,Delhi,North Delhi,28.7484441,77.14391,64.46707913669064,34.05070143884892,216.24683453237407,6.630826057553958
Delhi,Delhi,North East Delhi,28.7246777,77.2577571,64.46707913669064,34.05070143884892,216.24683453237407,6.630826057553958
Delhi,Delhi,North West Delhi,28.7196003,77.0684107,64.46707913669064,34.05070143884892,216.24683453237407,6.630826057553958
Delhi,Delhi,Shahdara,28.6893144,77.2919663,64.46707913669064,34.05070143884892,216.24683453237407,6.630826057553958
Delhi,Delhi,South Delhi,28.4929198,77.1847921,64.46707913669064,34.05070143884892,216.24683453237407,6.630826057553958
Delhi,Delhi,South East Delhi,28.5485376,77.2749964,64.46707913669064,34.05070143884892,216.24683453237407,6.630826057553958
Delhi,Delhi,South West Delhi,28.6134377,76.9800824,64.46707913669064,34.05070143884892,216.24683453237407,6.630826057553958
Delhi,Delhi,West Delhi,28.6580724,77.064023,64.46707913669064,34.05070143884892,216.24683453237407,6.630826057553958
Jammu And Kashmir,Jammu And Kashmir,Anantnag,33.7311255,75.1487007,109.14999999999999,33.466499999999996,218.34,6.79543
Jammu And Kashmir,Jammu And Kashmir,Bandipora,34.4188383,74.6356515,70.19,39.207,233.49999999999997,6.895809999999999
Jammu And Kashmir,Jammu And Kashmir,Baramulla,34.1990498,74.3499496,87.11,39.6915,226.61,6.78201
Jammu And Kashmir,Jammu And Kashmir,Budgam,33.9348549,74.6400432,86.36500000000001,40.210499999999996,214.56,6.80007
Jammu And Kashmir,Jammu And Kashmir,Doda,33.1457497,75.5480491,95.835,29.2935,205.48,6.8020000000000005
Jammu And Kashmir,Jammu And Kashmir,Ganderbal,34.2164955,74.7719431,114.34,38.3535,259.36,6.78241
Jammu And Kashmir,Jammu And Kashmir,Jammu,32.7266016,74.8570259,79.88000000000001,30.180000000000003,210.6,6.806399999999999
Jammu And Kashmir,Jammu And Kashmir,Kathua,32.3863082,75.5173465,106.50000000000001,41.203500000000005,197.85999999999999,6.78019
Jammu And Kashmir,Jammu And Kashmir,Kishtwar,33.3115906,75.7662195,99.51,30.735,203.8,6.8
Jammu And Kashmir,Jammu And Kashmir,Kulgam,33.6449908,75.018031,69.24,42.870000000000005,191.09,6.695259999999999
Jammu And Kashmir,Jammu And Kashmir,Kupwara,34.5261786,74.2546136,98.83500000000001,44.2695,200.94,6.759770000000001
Jammu And Kashmir,Jammu And Kashmir,Poonch,33.7670014,74.0924041,138.015,39.66449999999999,284.78999999999996,6.8023
Jammu And Kashmir,Jammu And Kashmir,Pulwama,33.8716117,74.8945692,98.315,36.657,228.12999999999997,6.78415
Jammu And Kashmir,Jammu And Kashmir,Rajouri,33.3716143,74.315191,135.07500000000002,30.020999999999997,204.57000000000002,6.80058
Jammu And Kashmir,Jammu And Kashmir,Ramban,33.2463875,75.1938909,118.70000000000002,28.878000000000004,210.87,6.85928
Jammu And Kashmir,Jammu And Kashmir,Reasi,33.2589654,74.8273184,143.505,30.418499999999998,176.0,6.797009999999999
Jammu And Kashmir,Jammu And Kashmir,Samba,32.5530092,75.1107527,68.41,29.94,200.10000000000002,6.799340000000001
Jammu And Kashmir,Jammu And Kashmir,Shopian,33.7170033,74.8360918,79.395,30.8055,197.14999999999998,6.63503
Jammu And Kashmir,Jammu And Kashmir,Srinagar,34.0836708,74.7972825,103.705,42.678,256.69,6.86186
Jammu And Kashmir,Jammu And Kashmir,Udhampur,32.9159847,75.1416173,112.99499999999999,30.03,182.07000000000002,6.8
Ladakh,Ladakh,Kargil,34.5538522,76.1348944,0.0,25.7145,185.71999999999997,6.97148
Ladakh,Ladakh,Leh,34.1525864,77.5770535,0.0,30.9135,246.55999999999997,6.85496
Puducherry,Puducherry,Karaikal,10.9254398,79.8380056,50.0,37.38,208.79999999999998,6.7703
